-- MySQL dump converted from SQLite
-- Host: localhost
-- Generation Time: 2026-02-19
-- Server version: 8.0.x
-- PHP Version: 8.x

SET SQL_MODE = "NO_AUTO_VALUE_ON_ZERO";
SET AUTOCOMMIT = 0;
START TRANSACTION;
SET time_zone = "+00:00";

/*!40101 SET @OLD_CHARACTER_SET_CLIENT=@@CHARACTER_SET_CLIENT */;
/*!40101 SET @OLD_CHARACTER_SET_RESULTS=@@CHARACTER_SET_RESULTS */;
/*!40101 SET @OLD_COLLATION_CONNECTION=@@COLLATION_CONNECTION */;
/*!40101 SET NAMES utf8mb4 */;

--
-- Database: `youthsys`
--

-- --------------------------------------------------------

CREATE TABLE IF NOT EXISTS `migrations` (`id` INT primary key AUTO_INCREMENT not null, `migration` VARCHAR(255) not null, `batch` INT not null) ENGINE=InnoDB DEFAULT CHARSET=utf8mb4 COLLATE=utf8mb4_unicode_ci;
INSERT INTO `migrations` VALUES(1,'0001_01_01_000000_create_users_table',1);
INSERT INTO `migrations` VALUES(2,'0001_01_01_000001_create_cache_table',1);
INSERT INTO `migrations` VALUES(3,'0001_01_01_000002_create_jobs_table',1);
INSERT INTO `migrations` VALUES(4,'2026_02_16_141941_create_permission_tables',1);
INSERT INTO `migrations` VALUES(5,'2026_02_16_141946_create_activity_log_table',1);
INSERT INTO `migrations` VALUES(6,'2026_02_16_141947_add_event_column_to_activity_log_table',1);
INSERT INTO `migrations` VALUES(7,'2026_02_16_141948_add_batch_uuid_column_to_activity_log_table',1);
INSERT INTO `migrations` VALUES(8,'2026_02_16_142001_create_guardians_table',1);
INSERT INTO `migrations` VALUES(9,'2026_02_16_142003_create_young_people_table',1);
INSERT INTO `migrations` VALUES(10,'2026_02_16_142005_create_guardian_young_person_table',1);
INSERT INTO `migrations` VALUES(11,'2026_02_16_142007_create_consents_table',1);
INSERT INTO `migrations` VALUES(12,'2026_02_16_142008_create_attendance_sessions_table',1);
INSERT INTO `migrations` VALUES(13,'2026_02_16_142010_create_attendance_records_table',1);
INSERT INTO `migrations` VALUES(14,'2026_02_16_142012_create_token_accounts_table',1);
INSERT INTO `migrations` VALUES(15,'2026_02_16_142015_create_token_transactions_table',1);
CREATE TABLE IF NOT EXISTS `users` (`id` INT primary key AUTO_INCREMENT not null, `name` VARCHAR(255) not null, `email` VARCHAR(255) not null, `email_verified_at` DATETIME, `password` VARCHAR(255) not null, `remember_token` VARCHAR(255), `created_at` DATETIME, `updated_at` DATETIME) ENGINE=InnoDB DEFAULT CHARSET=utf8mb4 COLLATE=utf8mb4_unicode_ci;
INSERT INTO `users` VALUES(1,'Jono Thorne','jono@alive.me.uk',NULL,'$2y$12$NTzYz2fYJ1w3lVcYDaXe2eEYuqedMLww4WHS2YcYUltZnv8.dh4u6','LoI2PCA87yjWFhobzUVvONuemutbF55K4153SEDDTqG2DTwgiibGT8drTOJv','2026-02-16 14:27:23','2026-02-16 14:27:23');
INSERT INTO `users` VALUES(3,'Jono Thorne','jonothorneuk@gmail.com',NULL,'$2y$12$wkdwmMMKadf0P1denTTKJ.P3hn1seZ8ZDTYzNMqy9dZSqs8R3JmcC',NULL,'2026-02-16 15:48:24','2026-02-16 15:48:24');
CREATE TABLE IF NOT EXISTS `password_reset_tokens` (`email` VARCHAR(255) not null, `token` VARCHAR(255) not null, `created_at` DATETIME, primary key (`email`)) ENGINE=InnoDB DEFAULT CHARSET=utf8mb4 COLLATE=utf8mb4_unicode_ci;
CREATE TABLE IF NOT EXISTS `sessions` (`id` VARCHAR(255) not null, `user_id` INT, `ip_address` VARCHAR(255), `user_agent` TEXT, `payload` TEXT not null, `last_activity` INT not null, primary key (`id`)) ENGINE=InnoDB DEFAULT CHARSET=utf8mb4 COLLATE=utf8mb4_unicode_ci;
INSERT INTO `sessions` VALUES('5o1rQWa4Xf1ficN24f9REzWhRfVuSXHO7d8Dh2pI',1,'127.0.0.1','Mozilla/5.0 (Macintosh; Intel Mac OS X 10_15_7) AppleWebKit/537.36 (KHTML, like Gecko) Chrome/144.0.0.0 Safari/537.36','YTo0OntzOjY6Il90b2tlbiI7czo0MDoialUzaVZTUEN4ZEZtY2NDalQ0dWFYaGF4ekJXS0RITTZyZXpNcHVUZyI7czo5OiJfcHJldmlvdXMiO2E6Mjp7czozOiJ1cmwiO3M6Mzg6Imh0dHA6Ly9sb2NhbGhvc3Q6ODExMS9hZG1pbi9hdHRlbmRhbmNlIjtzOjU6InJvdXRlIjtzOjIyOiJhZG1pbi5hdHRlbmRhbmNlLmluZGV4Ijt9czo2OiJfZmxhc2giO2E6Mjp7czozOiJvbGQiO2E6MDp7fXM6MzoibmV3IjthOjA6e319czo1MDoibG9naW5fd2ViXzU5YmEzNmFkZGMyYjJmOTQwMTU4MGYwMTRjN2Y1OGVhNGUzMDk4OWQiO2k6MTt9',1771269643);
INSERT INTO `sessions` VALUES('pzARhy4aJ3dW1l3lBBPaH0wimjg7yQhuDg7EdLtJ',3,'127.0.0.1','Mozilla/5.0 (Macintosh; Intel Mac OS X 10_15_7) AppleWebKit/605.1.15 (KHTML, like Gecko) Version/17.1 Safari/605.1.15','YTo0OntzOjY6Il90b2tlbiI7czo0MDoiRWFkMnhZMGJvY043RjJTVTFVejdNZjlZaXFIM2dtWHRiZXZjR1d0SiI7czo2OiJfZmxhc2giO2E6Mjp7czozOiJvbGQiO2E6MDp7fXM6MzoibmV3IjthOjA6e319czo5OiJfcHJldmlvdXMiO2E6Mjp7czozOiJ1cmwiO3M6MzQ6Imh0dHA6Ly9sb2NhbGhvc3Q6ODExMS9hZG1pbi90b2tlbnMiO3M6NToicm91dGUiO3M6MTg6ImFkbWluLnRva2Vucy5pbmRleCI7fXM6NTA6ImxvZ2luX3dlYl81OWJhMzZhZGRjMmIyZjk0MDE1ODBmMDE0YzdmNThlYTRlMzA5ODlkIjtpOjM7fQ==',1771259078);
INSERT INTO `sessions` VALUES('4FaG03xaQT0FN0zshtuyCGQxLZJPZqlj7p6FiOu4',NULL,'127.0.0.1','Mozilla/5.0 (Macintosh; Intel Mac OS X 10_15_7) AppleWebKit/537.36 (KHTML, like Gecko) Chrome/144.0.0.0 Safari/537.36','YTo0OntzOjY6Il90b2tlbiI7czo0MDoiU09RZjdSQjQ2QlFHcnQwdHZtaTN1OXpnQ3M2UjRsS0txaWtPQTRGOSI7czozOiJ1cmwiO2E6MTp7czo4OiJpbnRlbmRlZCI7czozODoiaHR0cDovL2xvY2FsaG9zdDo4MTExL2FkbWluL2F0dGVuZGFuY2UiO31zOjk6Il9wcmV2aW91cyI7YToyOntzOjM6InVybCI7czoyNzoiaHR0cDovL2xvY2FsaG9zdDo4MTExL2xvZ2luIjtzOjU6InJvdXRlIjtzOjU6ImxvZ2luIjt9czo2OiJfZmxhc2giO2E6Mjp7czozOiJvbGQiO2E6MDp7fXM6MzoibmV3IjthOjA6e319fQ==',1771447685);
INSERT INTO `sessions` VALUES('EUwkxNbXtH3x4ojtF4GD7XQ7A7MkmxKCNpTsAj6b',NULL,'127.0.0.1','Mozilla/5.0 (Macintosh; Intel Mac OS X 10_15_7) AppleWebKit/537.36 (KHTML, like Gecko) Chrome/144.0.0.0 Safari/537.36','YTo0OntzOjY6Il90b2tlbiI7czo0MDoiQmluQko3eld0SjVTUmN0QjdEV25RSDR0Qkc1WVRRMjdmQXdsYVl5NyI7czozOiJ1cmwiO2E6MTp7czo4OiJpbnRlbmRlZCI7czozMToiaHR0cDovL2xvY2FsaG9zdDo4MTExL2Rhc2hib2FyZCI7fXM6OToiX3ByZXZpb3VzIjthOjI6e3M6MzoidXJsIjtzOjI3OiJodHRwOi8vbG9jYWxob3N0OjgxMTEvbG9naW4iO3M6NToicm91dGUiO3M6NToibG9naW4iO31zOjY6Il9mbGFzaCI7YToyOntzOjM6Im9sZCI7YTowOnt9czozOiJuZXciO2E6MDp7fX19',1771447685);
INSERT INTO `sessions` VALUES('KHyoDLZGukl5VL0qWT7pQnnDZ4r96Sy850BuxR8l',1,'127.0.0.1','Mozilla/5.0 (Macintosh; Intel Mac OS X 10_15_7) AppleWebKit/537.36 (KHTML, like Gecko) Chrome/144.0.0.0 Safari/537.36','YTo0OntzOjY6Il90b2tlbiI7czo0MDoiYlp0QlB1amN6UEl5aXY0eHVhVzhwbXAzd2hOdDlVQmFGaTk3aHFiTSI7czo5OiJfcHJldmlvdXMiO2E6Mjp7czozOiJ1cmwiO3M6Mjc6Imh0dHA6Ly9sb2NhbGhvc3Q6ODExMS9sb2dpbiI7czo1OiJyb3V0ZSI7czo1OiJsb2dpbiI7fXM6NjoiX2ZsYXNoIjthOjI6e3M6Mzoib2xkIjthOjA6e31zOjM6Im5ldyI7YTowOnt9fXM6NTA6ImxvZ2luX3dlYl81OWJhMzZhZGRjMmIyZjk0MDE1ODBmMDE0YzdmNThlYTRlMzA5ODlkIjtpOjE7fQ==',1771499338);
CREATE TABLE IF NOT EXISTS `cache` (`key` VARCHAR(255) not null, `value` TEXT not null, `expiration` INT not null, primary key (`key`)) ENGINE=InnoDB DEFAULT CHARSET=utf8mb4 COLLATE=utf8mb4_unicode_ci;
INSERT INTO `cache` VALUES('laravel-cache-spatie.permission.cache','a:3:{s:5:"alias";a:4:{s:1:"a";s:2:"id";s:1:"b";s:4:"name";s:1:"c";s:10:"guard_name";s:1:"r";s:5:"roles";}s:11:"permissions";a:8:{i:0;a:4:{s:1:"a";i:1;s:1:"b";s:12:"manage youth";s:1:"c";s:3:"web";s:1:"r";a:1:{i:0;i:1;}}i:1;a:4:{s:1:"a";i:2;s:1:"b";s:16:"manage guardians";s:1:"c";s:3:"web";s:1:"r";a:1:{i:0;i:1;}}i:2;a:4:{s:1:"a";i:3;s:1:"b";s:15:"manage consents";s:1:"c";s:3:"web";s:1:"r";a:1:{i:0;i:1;}}i:3;a:4:{s:1:"a";i:4;s:1:"b";s:17:"manage attendance";s:1:"c";s:3:"web";s:1:"r";a:1:{i:0;i:1;}}i:4;a:4:{s:1:"a";i:5;s:1:"b";s:14:"view analytics";s:1:"c";s:3:"web";s:1:"r";a:1:{i:0;i:1;}}i:5;a:4:{s:1:"a";i:6;s:1:"b";s:13:"manage tokens";s:1:"c";s:3:"web";s:1:"r";a:1:{i:0;i:1;}}i:6;a:4:{s:1:"a";i:7;s:1:"b";s:14:"operate tokens";s:1:"c";s:3:"web";s:1:"r";a:2:{i:0;i:1;i:1;i:2;}}i:7;a:4:{s:1:"a";i:8;s:1:"b";s:12:"manage users";s:1:"c";s:3:"web";s:1:"r";a:1:{i:0;i:1;}}}s:5:"roles";a:2:{i:0;a:3:{s:1:"a";i:1;s:1:"b";s:5:"admin";s:1:"c";s:3:"web";}i:1;a:3:{s:1:"a";i:2;s:1:"b";s:14:"token_operator";s:1:"c";s:3:"web";}}}',1771585553);
CREATE TABLE IF NOT EXISTS `cache_locks` (`key` VARCHAR(255) not null, `owner` VARCHAR(255) not null, `expiration` INT not null, primary key (`key`)) ENGINE=InnoDB DEFAULT CHARSET=utf8mb4 COLLATE=utf8mb4_unicode_ci;
CREATE TABLE IF NOT EXISTS `jobs` (`id` INT primary key AUTO_INCREMENT not null, `queue` VARCHAR(255) not null, `payload` TEXT not null, `attempts` INT not null, `reserved_at` INT, `available_at` INT not null, `created_at` INT not null) ENGINE=InnoDB DEFAULT CHARSET=utf8mb4 COLLATE=utf8mb4_unicode_ci;
CREATE TABLE IF NOT EXISTS `job_batches` (`id` VARCHAR(255) not null, `name` VARCHAR(255) not null, `total_jobs` INT not null, `pending_jobs` INT not null, `failed_jobs` INT not null, `failed_job_ids` TEXT not null, `options` TEXT, `cancelled_at` INT, `created_at` INT not null, `finished_at` INT, primary key (`id`)) ENGINE=InnoDB DEFAULT CHARSET=utf8mb4 COLLATE=utf8mb4_unicode_ci;
CREATE TABLE IF NOT EXISTS `failed_jobs` (`id` INT primary key AUTO_INCREMENT not null, `uuid` VARCHAR(255) not null, `connection` TEXT not null, `queue` TEXT not null, `payload` TEXT not null, `exception` TEXT not null, `failed_at` DATETIME not null default CURRENT_TIMESTAMP) ENGINE=InnoDB DEFAULT CHARSET=utf8mb4 COLLATE=utf8mb4_unicode_ci;
CREATE TABLE IF NOT EXISTS `permissions` (`id` INT primary key AUTO_INCREMENT not null, `name` VARCHAR(255) not null, `guard_name` VARCHAR(255) not null, `created_at` DATETIME, `updated_at` DATETIME) ENGINE=InnoDB DEFAULT CHARSET=utf8mb4 COLLATE=utf8mb4_unicode_ci;
INSERT INTO `permissions` VALUES(1,'manage youth','web','2026-02-16 14:33:13','2026-02-16 14:33:13');
INSERT INTO `permissions` VALUES(2,'manage guardians','web','2026-02-16 14:33:13','2026-02-16 14:33:13');
INSERT INTO `permissions` VALUES(3,'manage consents','web','2026-02-16 14:33:13','2026-02-16 14:33:13');
INSERT INTO `permissions` VALUES(4,'manage attendance','web','2026-02-16 14:33:13','2026-02-16 14:33:13');
INSERT INTO `permissions` VALUES(5,'view analytics','web','2026-02-16 14:33:13','2026-02-16 14:33:13');
INSERT INTO `permissions` VALUES(6,'manage tokens','web','2026-02-16 14:33:13','2026-02-16 14:33:13');
INSERT INTO `permissions` VALUES(7,'operate tokens','web','2026-02-16 14:33:13','2026-02-16 14:33:13');
INSERT INTO `permissions` VALUES(8,'manage users','web','2026-02-16 15:44:48','2026-02-16 15:44:48');
CREATE TABLE IF NOT EXISTS `roles` (`id` INT primary key AUTO_INCREMENT not null, `name` VARCHAR(255) not null, `guard_name` VARCHAR(255) not null, `created_at` DATETIME, `updated_at` DATETIME) ENGINE=InnoDB DEFAULT CHARSET=utf8mb4 COLLATE=utf8mb4_unicode_ci;
INSERT INTO `roles` VALUES(1,'admin','web','2026-02-16 14:33:13','2026-02-16 14:33:13');
INSERT INTO `roles` VALUES(2,'token_operator','web','2026-02-16 14:33:27','2026-02-16 14:33:27');
CREATE TABLE IF NOT EXISTS `model_has_permissions` (`permission_id` INT not null, `model_type` VARCHAR(255) not null, `model_id` INT not null, foreign key(`permission_id`) references `permissions`(`id`) on delete cascade, primary key (`permission_id`, `model_id`, `model_type`)) ENGINE=InnoDB DEFAULT CHARSET=utf8mb4 COLLATE=utf8mb4_unicode_ci;
CREATE TABLE IF NOT EXISTS `model_has_roles` (`role_id` INT not null, `model_type` VARCHAR(255) not null, `model_id` INT not null, foreign key(`role_id`) references `roles`(`id`) on delete cascade, primary key (`role_id`, `model_id`, `model_type`)) ENGINE=InnoDB DEFAULT CHARSET=utf8mb4 COLLATE=utf8mb4_unicode_ci;
INSERT INTO `model_has_roles` VALUES(1,'App\Models\User',1);
INSERT INTO `model_has_roles` VALUES(2,'App\Models\User',3);
CREATE TABLE IF NOT EXISTS `role_has_permissions` (`permission_id` INT not null, `role_id` INT not null, foreign key(`permission_id`) references `permissions`(`id`) on delete cascade, foreign key(`role_id`) references `roles`(`id`) on delete cascade, primary key (`permission_id`, `role_id`)) ENGINE=InnoDB DEFAULT CHARSET=utf8mb4 COLLATE=utf8mb4_unicode_ci;
INSERT INTO `role_has_permissions` VALUES(1,1);
INSERT INTO `role_has_permissions` VALUES(2,1);
INSERT INTO `role_has_permissions` VALUES(3,1);
INSERT INTO `role_has_permissions` VALUES(4,1);
INSERT INTO `role_has_permissions` VALUES(5,1);
INSERT INTO `role_has_permissions` VALUES(6,1);
INSERT INTO `role_has_permissions` VALUES(7,1);
INSERT INTO `role_has_permissions` VALUES(8,1);
INSERT INTO `role_has_permissions` VALUES(7,2);
CREATE TABLE IF NOT EXISTS `activity_log` (`id` INT primary key AUTO_INCREMENT not null, `log_name` VARCHAR(255), `description` TEXT not null, `subject_type` VARCHAR(255), `subject_id` INT, `causer_type` VARCHAR(255), `causer_id` INT, `properties` TEXT, `created_at` DATETIME, `updated_at` DATETIME, `event` VARCHAR(255), `batch_uuid` VARCHAR(255)) ENGINE=InnoDB DEFAULT CHARSET=utf8mb4 COLLATE=utf8mb4_unicode_ci;
CREATE TABLE IF NOT EXISTS `guardians` (`id` INT primary key AUTO_INCREMENT not null, `first_name` VARCHAR(255) not null, `last_name` VARCHAR(255) not null, `preferred_name` VARCHAR(255), `primary_phone` VARCHAR(255) not null, `secondary_phone` VARCHAR(255), `email` VARCHAR(255), `address_line1` VARCHAR(255), `address_line2` VARCHAR(255), `city` VARCHAR(255), `postcode` VARCHAR(255), `relationship` VARCHAR(255), `preferred_contact_method` VARCHAR(255) not null default 'phone', `notes` TEXT, `is_emergency_contact` tinyint(1) not null default '1', `deleted_at` DATETIME, `created_at` DATETIME, `updated_at` DATETIME) ENGINE=InnoDB DEFAULT CHARSET=utf8mb4 COLLATE=utf8mb4_unicode_ci;
INSERT INTO `guardians` VALUES(1,'Jono','Thorne',NULL,'07805364717',NULL,'jono@alive.me.uk','123 Test Road',NULL,'Norwich','NR10 5RB','Parent','phone',NULL,1,NULL,'2026-02-16 16:19:18','2026-02-16 16:19:18');
CREATE TABLE IF NOT EXISTS `young_people` (`id` INT primary key AUTO_INCREMENT not null, `first_name` VARCHAR(255) not null, `last_name` VARCHAR(255) not null, `preferred_name` VARCHAR(255), `date_of_birth` DATE, `gender` VARCHAR(255), `school_year` VARCHAR(255), `school_name` VARCHAR(255), `primary_language` VARCHAR(255), `allergies` TEXT, `medical_notes` TEXT, `medications` TEXT, `dietary_requirements` TEXT, `doctor_name` VARCHAR(255), `doctor_phone` VARCHAR(255), `photo_consent` tinyint(1) not null default '0', `active` tinyint(1) not null default '1', `status` VARCHAR(255) not null default 'pending', `activated_at` DATETIME, `metadata` TEXT, `deleted_at` DATETIME, `created_at` DATETIME, `updated_at` DATETIME) ENGINE=InnoDB DEFAULT CHARSET=utf8mb4 COLLATE=utf8mb4_unicode_ci;
INSERT INTO `young_people` VALUES(1,'Micheal','Ali',NULL,'2012-02-16 00:00:00','Male',NULL,NULL,NULL,NULL,NULL,NULL,NULL,NULL,NULL,1,1,'active',NULL,NULL,NULL,'2026-02-16 14:44:40','2026-02-16 15:59:13');
INSERT INTO `young_people` VALUES(2,'Adam','Pain','Annoying','2010-10-10 00:00:00','Male','8','Clearview',NULL,'None',NULL,NULL,NULL,NULL,NULL,0,1,'active',NULL,NULL,NULL,'2026-02-16 16:19:18','2026-02-16 16:19:50');
CREATE TABLE IF NOT EXISTS `guardian_young_person` (`id` INT primary key AUTO_INCREMENT not null, `guardian_id` INT not null, `young_person_id` INT not null, `relationship` VARCHAR(255), `is_primary` tinyint(1) not null default '0', `contact_order` INT, `can_pickup` tinyint(1) not null default '1', `receives_notifications` tinyint(1) not null default '1', `created_at` DATETIME, `updated_at` DATETIME, foreign key(`guardian_id`) references `guardians`(`id`) on delete cascade, foreign key(`young_person_id`) references `young_people`(`id`) on delete cascade) ENGINE=InnoDB DEFAULT CHARSET=utf8mb4 COLLATE=utf8mb4_unicode_ci;
INSERT INTO `guardian_young_person` VALUES(1,1,2,'Parent',1,1,1,1,'2026-02-16 16:19:18','2026-02-16 16:19:18');
CREATE TABLE IF NOT EXISTS `consents` (`id` INT primary key AUTO_INCREMENT not null, `young_person_id` INT not null, `guardian_id` INT, `general_attendance` tinyint(1) not null default '0', `offsite_events` tinyint(1) not null default '0', `media_consent` tinyint(1) not null default '0', `medical_treatment` tinyint(1) not null default '0', `transport` tinyint(1) not null default '0', `signature_name` VARCHAR(255), `signature_method` VARCHAR(255) not null default 'digital', `signed_at` DATETIME, `signed_ip` VARCHAR(255), `document_version` VARCHAR(255), `extra` TEXT, `created_at` DATETIME, `updated_at` DATETIME, foreign key(`young_person_id`) references `young_people`(`id`) on delete cascade, foreign key(`guardian_id`) references `guardians`(`id`) on delete set null) ENGINE=InnoDB DEFAULT CHARSET=utf8mb4 COLLATE=utf8mb4_unicode_ci;
INSERT INTO `consents` VALUES(1,2,1,1,1,0,1,1,'Jono Thorne','digital','2026-02-16 16:19:18','127.0.0.1','1.0',NULL,'2026-02-16 16:19:18','2026-02-16 16:19:18');
CREATE TABLE IF NOT EXISTS `attendance_sessions` (`id` INT primary key AUTO_INCREMENT not null, `session_date` DATE not null, `session_type` VARCHAR(255) not null default 'weekly', `name` VARCHAR(255) not null, `location` VARCHAR(255), `expected_count` INT, `opens_at` DATETIME, `closes_at` DATETIME, `is_locked` tinyint(1) not null default '0', `created_by` INT, `notes` TEXT, `created_at` DATETIME, `updated_at` DATETIME, foreign key(`created_by`) references `users`(`id`) on delete set null) ENGINE=InnoDB DEFAULT CHARSET=utf8mb4 COLLATE=utf8mb4_unicode_ci;
INSERT INTO `attendance_sessions` VALUES(1,'2026-02-16 00:00:00','weekly','Alive Youth','Alive Church',NULL,NULL,NULL,0,1,NULL,'2026-02-16 14:48:35','2026-02-16 14:48:35');
CREATE TABLE IF NOT EXISTS `attendance_records` (`id` INT primary key AUTO_INCREMENT not null, `attendance_session_id` INT not null, `young_person_id` INT not null, `status` VARCHAR(255) not null default 'present', `checked_in_at` DATETIME, `checked_in_by` INT, `checked_out_at` DATETIME, `checked_out_by` INT, `arrival_method` VARCHAR(255), `notes` TEXT, `meta` TEXT, `created_at` DATETIME, `updated_at` DATETIME, foreign key(`attendance_session_id`) references `attendance_sessions`(`id`) on delete cascade, foreign key(`young_person_id`) references `young_people`(`id`) on delete cascade, foreign key(`checked_in_by`) references `users`(`id`) on delete set null, foreign key(`checked_out_by`) references `users`(`id`) on delete set null) ENGINE=InnoDB DEFAULT CHARSET=utf8mb4 COLLATE=utf8mb4_unicode_ci;
INSERT INTO `attendance_records` VALUES(1,1,1,'present',NULL,NULL,NULL,NULL,NULL,NULL,NULL,'2026-02-16 14:48:35','2026-02-16 14:48:47');
INSERT INTO `attendance_records` VALUES(2,1,2,'absent',NULL,NULL,NULL,NULL,NULL,NULL,NULL,'2026-02-16 16:22:56','2026-02-16 16:22:56');
CREATE TABLE IF NOT EXISTS `token_accounts` (`id` INT primary key AUTO_INCREMENT not null, `young_person_id` INT not null, `balance` INT not null default '0', `last_transaction_at` DATETIME, `is_locked` tinyint(1) not null default '0', `meta` TEXT, `created_at` DATETIME, `updated_at` DATETIME, foreign key(`young_person_id`) references `young_people`(`id`) on delete cascade) ENGINE=InnoDB DEFAULT CHARSET=utf8mb4 COLLATE=utf8mb4_unicode_ci;
INSERT INTO `token_accounts` VALUES(1,1,10,'2026-02-16 14:48:27',0,NULL,'2026-02-16 14:44:40','2026-02-16 14:48:27');
INSERT INTO `token_accounts` VALUES(2,2,5,'2026-02-16 16:22:30',0,NULL,'2026-02-16 16:19:18','2026-02-16 16:22:30');
CREATE TABLE IF NOT EXISTS `token_transactions` (`id` INT primary key AUTO_INCREMENT not null, `token_account_id` INT not null, `young_person_id` INT not null, `performed_by` INT, `amount` INT not null, `type` VARCHAR(255) not null default 'award', `reason` VARCHAR(255), `batch_id` VARCHAR(255), `meta` TEXT, `created_at` DATETIME, `updated_at` DATETIME, foreign key(`token_account_id`) references `token_accounts`(`id`) on delete cascade, foreign key(`young_person_id`) references `young_people`(`id`) on delete cascade, foreign key(`performed_by`) references `users`(`id`) on delete set null) ENGINE=InnoDB DEFAULT CHARSET=utf8mb4 COLLATE=utf8mb4_unicode_ci;
INSERT INTO `token_transactions` VALUES(1,1,1,1,1,'award','Great participation','c7f47448-3734-407d-a037-36e3cdb798ee',NULL,'2026-02-16 14:44:51','2026-02-16 14:44:51');
INSERT INTO `token_transactions` VALUES(2,1,1,1,1,'award','Great participation','b2b8badb-9050-4318-aea6-ed4f54e52973',NULL,'2026-02-16 14:44:52','2026-02-16 14:44:52');
INSERT INTO `token_transactions` VALUES(3,1,1,1,1,'award','Great participation','d76522dd-83db-46d2-b09e-282f181aea78',NULL,'2026-02-16 14:44:53','2026-02-16 14:44:53');
INSERT INTO `token_transactions` VALUES(4,1,1,1,1,'award','Great participation','d584348e-bc5b-4995-8ec8-d5a95cbfb8e2',NULL,'2026-02-16 14:44:53','2026-02-16 14:44:53');
INSERT INTO `token_transactions` VALUES(5,1,1,1,1,'award','Great participation','299a4072-c45b-4e3b-bbc1-49d19a5d6892',NULL,'2026-02-16 14:44:54','2026-02-16 14:44:54');
INSERT INTO `token_transactions` VALUES(6,1,1,1,1,'award','Great participation','27dd6243-b0d7-4f47-88d5-38ece8ca0c8c',NULL,'2026-02-16 14:44:54','2026-02-16 14:44:54');
INSERT INTO `token_transactions` VALUES(7,1,1,1,1,'award','Great participation','1104f1e5-d299-4d93-bd19-38618f0de699',NULL,'2026-02-16 14:44:56','2026-02-16 14:44:56');
INSERT INTO `token_transactions` VALUES(8,1,1,1,1,'award','Great participation','43ec4f91-3751-42b7-846d-cdbef4f19d2e',NULL,'2026-02-16 14:44:57','2026-02-16 14:44:57');
INSERT INTO `token_transactions` VALUES(9,1,1,1,1,'award','Great participation','2308bed4-ef43-494b-8c6d-58e8a8178815',NULL,'2026-02-16 14:44:57','2026-02-16 14:44:57');
INSERT INTO `token_transactions` VALUES(10,1,1,1,1,'award','Great participation','2b412619-e547-4454-bf52-19bcb6741c79',NULL,'2026-02-16 14:44:57','2026-02-16 14:44:57');
INSERT INTO `token_transactions` VALUES(11,1,1,1,1,'award','Great participation','4f75fb40-49bb-478c-91fd-7fc7b5be37e8',NULL,'2026-02-16 14:44:57','2026-02-16 14:44:57');
INSERT INTO `token_transactions` VALUES(12,1,1,1,1,'award','Great participation','4c45384c-c0ba-48c3-baef-34fa9e1c0a51',NULL,'2026-02-16 14:44:58','2026-02-16 14:44:58');
INSERT INTO `token_transactions` VALUES(13,1,1,1,1,'award','Great participation','bba5d8a7-3ee6-43b6-a02b-67bf3ff98896',NULL,'2026-02-16 14:44:58','2026-02-16 14:44:58');
INSERT INTO `token_transactions` VALUES(14,1,1,1,1,'award','Great participation','c40b3613-8376-489b-bf1a-3f56375cbfc0',NULL,'2026-02-16 14:44:58','2026-02-16 14:44:58');
INSERT INTO `token_transactions` VALUES(15,1,1,1,1,'award','Great participation','5c67e123-080c-4181-801e-3b354527b7ea',NULL,'2026-02-16 14:44:58','2026-02-16 14:44:58');
INSERT INTO `token_transactions` VALUES(16,1,1,1,1,'award','Great participation','b69918b3-9299-421a-888b-b7ba9bdbb260',NULL,'2026-02-16 14:44:58','2026-02-16 14:44:58');
INSERT INTO `token_transactions` VALUES(17,1,1,1,1,'award','Great participation','54ee120b-150a-4899-b4d8-4f1a65c5d871',NULL,'2026-02-16 14:44:58','2026-02-16 14:44:58');
INSERT INTO `token_transactions` VALUES(18,1,1,1,1,'award','Great participation','7848d09c-3a0a-413a-a47d-8f70b65841bd',NULL,'2026-02-16 14:44:59','2026-02-16 14:44:59');
INSERT INTO `token_transactions` VALUES(19,1,1,1,1,'award','Great participation','f79757c5-ba20-4a19-927b-3ff4b2c77f1c',NULL,'2026-02-16 14:44:59','2026-02-16 14:44:59');
INSERT INTO `token_transactions` VALUES(20,1,1,1,1,'award','Great participation','07b39843-c51b-4136-9bc6-92cda6fd1895',NULL,'2026-02-16 14:44:59','2026-02-16 14:44:59');
INSERT INTO `token_transactions` VALUES(21,1,1,1,1,'award','Great participation','92fe0d2c-310f-4db6-9bf0-542789807d8d',NULL,'2026-02-16 14:44:59','2026-02-16 14:44:59');
INSERT INTO `token_transactions` VALUES(22,1,1,1,1,'award','Great participation','59553cb1-2c04-4182-8a9e-88d33998c098',NULL,'2026-02-16 14:44:59','2026-02-16 14:44:59');
INSERT INTO `token_transactions` VALUES(23,1,1,1,1,'award','Great participation','50ebf833-d248-443a-8425-a79a9c317238',NULL,'2026-02-16 14:44:59','2026-02-16 14:44:59');
INSERT INTO `token_transactions` VALUES(24,1,1,1,1,'award','Great participation','88094de4-f140-4832-8c1a-e70638096bd0',NULL,'2026-02-16 14:45:00','2026-02-16 14:45:00');
INSERT INTO `token_transactions` VALUES(25,1,1,1,1,'award','Great participation','8e753b6a-d5b3-4cae-ae97-5bc440e3084d',NULL,'2026-02-16 14:45:00','2026-02-16 14:45:00');
INSERT INTO `token_transactions` VALUES(26,1,1,1,1,'award','Great participation','9726236a-a778-429e-8b4e-2fb166af13e5',NULL,'2026-02-16 14:45:03','2026-02-16 14:45:03');
INSERT INTO `token_transactions` VALUES(27,1,1,1,1,'award','Great participation','cc6e2f63-d653-4b19-a222-0887971d2b6a',NULL,'2026-02-16 14:45:03','2026-02-16 14:45:03');
INSERT INTO `token_transactions` VALUES(28,1,1,1,1,'award','Great participation','cb4748f2-7a13-4c2f-8f0d-35c2236c394d',NULL,'2026-02-16 14:45:03','2026-02-16 14:45:03');
INSERT INTO `token_transactions` VALUES(29,1,1,1,1,'award','Great participation','a1e2accc-d8b6-4d13-be63-8efcf20a736b',NULL,'2026-02-16 14:45:04','2026-02-16 14:45:04');
INSERT INTO `token_transactions` VALUES(30,1,1,1,1,'award','Great participation','dc7445b4-677f-4cb9-8018-609f97462e30',NULL,'2026-02-16 14:45:04','2026-02-16 14:45:04');
INSERT INTO `token_transactions` VALUES(31,1,1,1,1,'award','Great participation','b88c9f14-fac0-494e-b961-f9257ed9b4a1',NULL,'2026-02-16 14:45:04','2026-02-16 14:45:04');
INSERT INTO `token_transactions` VALUES(32,1,1,1,1,'award','Great participation','79efa26b-a56c-4abd-ada0-4c4488c7c0a1',NULL,'2026-02-16 14:45:04','2026-02-16 14:45:04');
INSERT INTO `token_transactions` VALUES(33,1,1,1,1,'award','Great participation','c47d04fc-0112-4b3e-a34b-6a2074a0602d',NULL,'2026-02-16 14:45:04','2026-02-16 14:45:04');
INSERT INTO `token_transactions` VALUES(34,1,1,1,1,'award','Great participation','5e1db340-c537-4e76-9523-de7c2d2374cf',NULL,'2026-02-16 14:45:04','2026-02-16 14:45:04');
INSERT INTO `token_transactions` VALUES(35,1,1,1,1,'award','Great participation','5fbbbed9-b517-4734-a002-3b4e9002f8d7',NULL,'2026-02-16 14:45:05','2026-02-16 14:45:05');
INSERT INTO `token_transactions` VALUES(36,1,1,1,1,'award','Great participation','4f57cf76-0405-4451-99c3-8c1588e84009',NULL,'2026-02-16 14:45:05','2026-02-16 14:45:05');
INSERT INTO `token_transactions` VALUES(37,1,1,1,1,'award','Great participation','b9d602b0-b19f-4bc8-b64d-b28bc2658e0f',NULL,'2026-02-16 14:45:05','2026-02-16 14:45:05');
INSERT INTO `token_transactions` VALUES(38,1,1,1,1,'award','Great participation','5b07729b-3222-4a47-9054-b76c302991fe',NULL,'2026-02-16 14:45:05','2026-02-16 14:45:05');
INSERT INTO `token_transactions` VALUES(39,1,1,1,1,'award','Great participation','c39815e7-d8e1-450e-a655-b3aaca289a11',NULL,'2026-02-16 14:45:05','2026-02-16 14:45:05');
INSERT INTO `token_transactions` VALUES(40,1,1,1,1,'award','Great participation','6e5d12d7-cb98-4d87-a012-9d1ae01febf8',NULL,'2026-02-16 14:45:05','2026-02-16 14:45:05');
INSERT INTO `token_transactions` VALUES(41,1,1,1,1,'award','Great participation','dc679e31-8683-4364-8520-3af9163c1be1',NULL,'2026-02-16 14:45:06','2026-02-16 14:45:06');
INSERT INTO `token_transactions` VALUES(42,1,1,1,1,'award','Great participation','4f603198-1580-42fd-a426-a4e88a286eee',NULL,'2026-02-16 14:45:06','2026-02-16 14:45:06');
INSERT INTO `token_transactions` VALUES(43,1,1,1,1,'award','Great participation','6802bbe4-c068-45d8-82ba-cc458c62d3a3',NULL,'2026-02-16 14:45:06','2026-02-16 14:45:06');
INSERT INTO `token_transactions` VALUES(44,1,1,1,1,'award','Great participation','e203c485-9660-4891-89dc-7d98fdc90280',NULL,'2026-02-16 14:45:06','2026-02-16 14:45:06');
INSERT INTO `token_transactions` VALUES(45,1,1,1,1,'award','Great participation','0c204597-6d3b-4803-8ed5-690a5f15519e',NULL,'2026-02-16 14:45:06','2026-02-16 14:45:06');
INSERT INTO `token_transactions` VALUES(46,1,1,1,1,'award','Great participation','de535cef-a2e2-4522-8a38-274234bfca5b',NULL,'2026-02-16 14:45:07','2026-02-16 14:45:07');
INSERT INTO `token_transactions` VALUES(47,1,1,1,1,'award','Great participation','28432bf6-ccad-45d5-9d5f-b872d69e2bc4',NULL,'2026-02-16 14:45:07','2026-02-16 14:45:07');
INSERT INTO `token_transactions` VALUES(48,1,1,1,1,'award','Great participation','4c1f7cdb-b126-41c7-b188-645bff8b0973',NULL,'2026-02-16 14:45:07','2026-02-16 14:45:07');
INSERT INTO `token_transactions` VALUES(49,1,1,1,1,'award','Great participation','c070dd18-3054-4f4e-bdcf-917ef8bb1fba',NULL,'2026-02-16 14:45:07','2026-02-16 14:45:07');
INSERT INTO `token_transactions` VALUES(50,1,1,1,1,'award','Great participation','cb5547ae-e5e8-4014-835c-b170f8412563',NULL,'2026-02-16 14:45:07','2026-02-16 14:45:07');
INSERT INTO `token_transactions` VALUES(51,1,1,1,1,'award','Great participation','34ee5054-020f-486a-bb4b-c6df6ba8e234',NULL,'2026-02-16 14:45:07','2026-02-16 14:45:07');
INSERT INTO `token_transactions` VALUES(52,1,1,1,1,'award','Great participation','e15c5c6d-ff70-4494-bbd2-53282c1eae2f',NULL,'2026-02-16 14:45:08','2026-02-16 14:45:08');
INSERT INTO `token_transactions` VALUES(53,1,1,1,1,'award','Great participation','4278b239-999a-4f87-b31c-97eb4794be07',NULL,'2026-02-16 14:45:08','2026-02-16 14:45:08');
INSERT INTO `token_transactions` VALUES(54,1,1,1,1,'award','Great participation','26ef9a9a-da18-4ce7-b061-5c70f183100c',NULL,'2026-02-16 14:45:08','2026-02-16 14:45:08');
INSERT INTO `token_transactions` VALUES(55,1,1,1,1,'award','Great participation','18358dba-89cd-4c42-90f6-041c00bce431',NULL,'2026-02-16 14:45:08','2026-02-16 14:45:08');
INSERT INTO `token_transactions` VALUES(56,1,1,1,1,'award','Great participation','16877108-bc9f-4d55-831d-0fa6105c83e3',NULL,'2026-02-16 14:45:08','2026-02-16 14:45:08');
INSERT INTO `token_transactions` VALUES(57,1,1,1,1,'award','Great participation','588c3e18-e6ff-4ea5-8173-1846bc50127a',NULL,'2026-02-16 14:45:09','2026-02-16 14:45:09');
INSERT INTO `token_transactions` VALUES(58,1,1,1,1,'award','Great participation','04395b45-2349-4c99-b09b-4b2d0477f725',NULL,'2026-02-16 14:45:09','2026-02-16 14:45:09');
INSERT INTO `token_transactions` VALUES(59,1,1,1,1,'award','Great participation','dc535f0c-d1e1-47f2-ab6b-8c7fc6ed00fb',NULL,'2026-02-16 14:45:09','2026-02-16 14:45:09');
INSERT INTO `token_transactions` VALUES(60,1,1,1,1,'award','Great participation','99bab65a-d496-420d-a1c4-9de9f2b85bc3',NULL,'2026-02-16 14:45:09','2026-02-16 14:45:09');
INSERT INTO `token_transactions` VALUES(61,1,1,1,1,'award','Great participation','c3a2de1b-c9f9-4230-9423-20ba3702b0b7',NULL,'2026-02-16 14:45:09','2026-02-16 14:45:09');
INSERT INTO `token_transactions` VALUES(62,1,1,1,1,'award','Great participation','e31cba36-8246-4ae0-8fa5-21eae0f02d23',NULL,'2026-02-16 14:45:09','2026-02-16 14:45:09');
INSERT INTO `token_transactions` VALUES(63,1,1,1,1,'award','Great participation','e3f5d687-042d-4ddb-b498-b0bbeceeb23e',NULL,'2026-02-16 14:45:10','2026-02-16 14:45:10');
INSERT INTO `token_transactions` VALUES(64,1,1,1,1,'award','Great participation','e1a826c7-7b13-490a-8cbe-c0ad24124d8c',NULL,'2026-02-16 14:45:10','2026-02-16 14:45:10');
INSERT INTO `token_transactions` VALUES(65,1,1,1,1,'award','Great participation','80e6704c-7f04-46fa-aebe-2220d67ddf45',NULL,'2026-02-16 14:45:10','2026-02-16 14:45:10');
INSERT INTO `token_transactions` VALUES(66,1,1,1,1,'award','Great participation','06f25715-0840-4745-acef-7306009a63bb',NULL,'2026-02-16 14:45:10','2026-02-16 14:45:10');
INSERT INTO `token_transactions` VALUES(67,1,1,1,1,'award','Great participation','60f2c4a5-0d9e-4976-ad80-ece74586d28e',NULL,'2026-02-16 14:45:10','2026-02-16 14:45:10');
INSERT INTO `token_transactions` VALUES(68,1,1,1,1,'award','Great participation','8ed9fcce-f3c6-4924-8f56-628ed553d270',NULL,'2026-02-16 14:45:10','2026-02-16 14:45:10');
INSERT INTO `token_transactions` VALUES(69,1,1,1,1,'award','test','88b37ea0-833d-4755-9e55-ceb708248feb',NULL,'2026-02-16 14:48:04','2026-02-16 14:48:04');
INSERT INTO `token_transactions` VALUES(70,1,1,1,1,'award','','d499f4ce-a589-4b4e-bc70-fe5583a9687e',NULL,'2026-02-16 14:48:08','2026-02-16 14:48:08');
INSERT INTO `token_transactions` VALUES(71,1,1,1,5,'award','','7ec1fc84-044b-47d5-b6b9-58b399761875',NULL,'2026-02-16 14:48:18','2026-02-16 14:48:18');
INSERT INTO `token_transactions` VALUES(72,1,1,1,-5,'spend','Great participation','9500b929-e050-41d1-b4ef-b440b0270ef0',NULL,'2026-02-16 14:48:25','2026-02-16 14:48:25');
INSERT INTO `token_transactions` VALUES(73,1,1,1,-5,'spend','Great participation','daa5238a-78b1-4f48-9c62-84ae3f397e3e',NULL,'2026-02-16 14:48:25','2026-02-16 14:48:25');
INSERT INTO `token_transactions` VALUES(74,1,1,1,-5,'spend','Great participation','f6d15c17-9c2e-4f32-b0b7-ea6aa978aa28',NULL,'2026-02-16 14:48:25','2026-02-16 14:48:25');
INSERT INTO `token_transactions` VALUES(75,1,1,1,-5,'spend','Great participation','27b06c09-cd78-4898-89e6-7bb3d061c6d7',NULL,'2026-02-16 14:48:26','2026-02-16 14:48:26');
INSERT INTO `token_transactions` VALUES(76,1,1,1,-5,'spend','Great participation','e5db7ab7-674d-4152-893d-404f1d1a8cfb',NULL,'2026-02-16 14:48:26','2026-02-16 14:48:26');
INSERT INTO `token_transactions` VALUES(77,1,1,1,-5,'spend','Great participation','1a39d4d9-af62-45d3-bd2b-0a94474d888a',NULL,'2026-02-16 14:48:26','2026-02-16 14:48:26');
INSERT INTO `token_transactions` VALUES(78,1,1,1,-5,'spend','Great participation','efbdbf49-3fe2-4817-9a72-9ed25c967dde',NULL,'2026-02-16 14:48:26','2026-02-16 14:48:26');
INSERT INTO `token_transactions` VALUES(79,1,1,1,-5,'spend','Great participation','b1d956aa-5ab8-4624-86b7-8ba6866e1056',NULL,'2026-02-16 14:48:26','2026-02-16 14:48:26');
INSERT INTO `token_transactions` VALUES(80,1,1,1,-5,'spend','Great participation','f14ebcf1-9841-4143-a323-be59a962fc8c',NULL,'2026-02-16 14:48:26','2026-02-16 14:48:26');
INSERT INTO `token_transactions` VALUES(81,1,1,1,-5,'spend','Great participation','1957e268-ad87-4734-95a9-6c73d7b64950',NULL,'2026-02-16 14:48:27','2026-02-16 14:48:27');
INSERT INTO `token_transactions` VALUES(82,1,1,1,-5,'spend','Great participation','f4da6759-40bb-4d5a-86b2-ab1332bb9647',NULL,'2026-02-16 14:48:27','2026-02-16 14:48:27');
INSERT INTO `token_transactions` VALUES(83,1,1,1,-5,'spend','Great participation','1b354d25-1451-4189-a2d5-11d0b0bbef45',NULL,'2026-02-16 14:48:27','2026-02-16 14:48:27');
INSERT INTO `token_transactions` VALUES(84,1,1,1,-5,'spend','Great participation','714cba6e-07a9-408f-aabe-df98a0498815',NULL,'2026-02-16 14:48:27','2026-02-16 14:48:27');
INSERT INTO `token_transactions` VALUES(85,2,2,1,5,'award','Reward earned','7b2363f3-baa2-44c0-969e-9890e8dddd19',NULL,'2026-02-16 16:22:30','2026-02-16 16:22:30');
CREATE UNIQUE INDEX `users_email_unique` on `users` (`email`);
CREATE INDEX `sessions_user_id_index` on `sessions` (`user_id`);
CREATE INDEX `sessions_last_activity_index` on `sessions` (`last_activity`);
CREATE INDEX `cache_expiration_index` on `cache` (`expiration`);
CREATE INDEX `cache_locks_expiration_index` on `cache_locks` (`expiration`);
CREATE INDEX `jobs_queue_index` on `jobs` (`queue`);
CREATE UNIQUE INDEX `failed_jobs_uuid_unique` on `failed_jobs` (`uuid`);
CREATE UNIQUE INDEX `permissions_name_guard_name_unique` on `permissions` (`name`, `guard_name`);
CREATE UNIQUE INDEX `roles_name_guard_name_unique` on `roles` (`name`, `guard_name`);
CREATE INDEX `model_has_permissions_model_id_model_type_index` on `model_has_permissions` (`model_id`, `model_type`);
CREATE INDEX `model_has_roles_model_id_model_type_index` on `model_has_roles` (`model_id`, `model_type`);
CREATE INDEX `subject` on `activity_log` (`subject_type`, `subject_id`);
CREATE INDEX `causer` on `activity_log` (`causer_type`, `causer_id`);
CREATE INDEX `activity_log_log_name_index` on `activity_log` (`log_name`);
CREATE UNIQUE INDEX `guardian_young_person_guardian_id_young_person_id_unique` on `guardian_young_person` (`guardian_id`, `young_person_id`);
CREATE UNIQUE INDEX `attendance_sessions_session_date_session_type_unique` on `attendance_sessions` (`session_date`, `session_type`);
CREATE UNIQUE INDEX `attendance_records_attendance_session_id_young_person_id_unique` on `attendance_records` (`attendance_session_id`, `young_person_id`);
CREATE UNIQUE INDEX `token_accounts_young_person_id_unique` on `token_accounts` (`young_person_id`);
CREATE INDEX `token_transactions_young_person_id_created_at_index` on `token_transactions` (`young_person_id`, `created_at`);


COMMIT;

/*!40101 SET CHARACTER_SET_CLIENT=@OLD_CHARACTER_SET_CLIENT */;
/*!40101 SET CHARACTER_SET_RESULTS=@OLD_CHARACTER_SET_RESULTS */;
/*!40101 SET COLLATION_CONNECTION=@OLD_COLLATION_CONNECTION */;
